<application>
  <component name="FileTypeManager" version="18">
    <ignoreFiles list="*.idea;*.iml;*.pyc;*.pyo;*.rbc;*.yarb;*~;.DS_Store;.git;.gitignore;.hg;.mvn;.svn;CVS;HELP.md;__pycache__;_svn;mvnw;mvnw.cmd;vssver.scc;vssver2.scc;" />
    <extensionMap>
      <mapping pattern="HotFix" type="AUTO_DETECTED" />
      <mapping pattern="application-prod" type="AUTO_DETECTED" />
      <mapping pattern="DockerFile" type="AUTO_DETECTED" />
      <mapping ext="space.kts" type="Kotlin" />
      <mapping ext="gradle.kts" type="Kotlin" />
      <mapping ext="main.kts" type="Kotlin" />
      <mapping ext="sql " type="PLAIN_TEXT" />
      <mapping ext="factories" type="spring.factories" />
      <removed_mapping ext="ignore" approved="true" type="IgnoreLang file" />
      <removed_mapping ext="json" approved="true" type="JSON" />
      <removed_mapping ext="yaml" approved="true" type="YAML" />
    </extensionMap>
  </component>
</application>