<application>
  <component name="UpdatesConfigurable">
    <ignoredBuildNumbers>
      <item value="213.6461.79" />
    </ignoredBuildNumbers>
    <option name="LAST_BUILD_CHECKED" value="IU-211.7628.21" />
    <option name="LAST_TIME_CHECKED" value="1679448186823" />
    <pluginHosts>
      <item value="https://repo.idechajian.com" />
      <item value="https://plugins.jetbrains.com/plugins/nightly/17718" />
    </pluginHosts>
    <option name="THIRD_PARTY_PLUGINS_ALLOWED" value="true" />
  </component>
</application>