<application>
  <component name="AppStorage">
    <option name="newTranslationDialogCollapseDictViewer" value="false" />
    <option name="newTranslationDialogHeight" value="269" />
    <option name="newTranslationDialogWidth" value="552" />
    <option name="newTranslationDialogX" value="1135" />
    <option name="newTranslationDialogY" value="627" />
    <histories>
      <item value="This timeout covers the entire client execution except for marshalling" />
      <item value="to allow the client to complete the execution of an API call." />
      <item value="execution" />
      <item value="breached" />
      <item value="unmarshalling" />
      <item value="retries" />
      <item value="delegated" />
      <item value="delegate" />
      <item value="Reentrant Read Write Lock" />
      <item value="Using return, break, throw, and so on from a finally block suppresses the propagation of any unhandled Throwable which was thrown in the try or catch block.&#10;This rule raises an issue when a jump statement (break, continue, return, throw, and goto) would force control flow to leave a finally block.&#10;&#10;suppresses" />
      <item value="Using return, break, throw, and so on from a finally block suppresses the propagation of any unhandled Throwable which was thrown in the try or catch block.&#10;This rule raises an issue when a jump statement (break, continue, return, throw, and goto) would force control flow to leave a finally block." />
      <item value="fork" />
      <item value="Recursive Task" />
      <item value="do Privileged" />
      <item value="Memory consistency effects: Actions in a thread prior to submitting a Runnable object to an Executor happen-before its execution begins, perhaps in another thread." />
      <item value="decimal" />
      <item value="decimal&#10;" />
      <item value="decima" />
      <item value="bigdecimal" />
      <item value="balking" />
      <item value="balk" />
      <item value="truncated" />
      <item value="internet" />
      <item value="internal" />
      <item value="replication" />
      <item value="relication" />
      <item value="reolication" />
      <item value="Http Servlet Request" />
      <item value="request" />
      <item value="scheme" />
      <item value="sche" />
      <item value="consecutive" />
      <item value="Ergonomics" />
      <item value="barrier" />
      <item value="bump" />
      <item value="bu" />
      <item value="leak" />
      <item value="compact" />
      <item value="compa" />
      <item value="co" />
      <item value="cop" />
      <item value="Push item from run-time constant pool" />
      <item value="For property-based access both setter and getter should be present" />
      <item value="Returns:&#10;the alternative names of the field when it is deserialized" />
      <item value="inherit" />
      <item value="operands" />
      <item value="predicate" />
      <item value="case intensive" />
      <item value="case inten" />
      <item value="case inte" />
    </histories>
    <option name="languageScores">
      <map>
        <entry key="CHINESE" value="28" />
        <entry key="ENGLISH" value="17" />
        <entry key="BENGALI" value="1" />
      </map>
    </option>
  </component>
  <component name="Cache">
    <option name="lastTrimTime" value="1670336608759" />
  </component>
  <component name="Settings">
    <option name="aliTranslateSettings">
      <app-key>
        <option name="appId" value="LTAI5tF71BQsz4A9PmfgxPmR" />
      </app-key>
    </option>
    <option name="baiduTranslateSettings">
      <app-key>
        <option name="appId" value="20221106001439064" />
      </app-key>
    </option>
    <option name="phoneticFontFamily" value="Microsoft YaHei UI" />
    <option name="primaryFontFamily" value="Microsoft YaHei UI" />
    <option name="showExplanation" value="true" />
    <option name="showWordsOnStartup" value="true" />
    <option name="translator" value="BAIDU" />
  </component>
  <component name="Translation.Cache">
    <option name="lastTrimTime" value="1679370468257" />
  </component>
  <component name="Translation.Settings">
    <option name="baiduTranslateSettings">
      <app-key>
        <option name="appId" value="20221106001439064" />
      </app-key>
    </option>
    <option name="primaryLanguage" value="CHINESE" />
    <option name="translator" value="BAIDU" />
  </component>
  <component name="Translation.States">
    <option name="newTranslationDialogWidth" value="548" />
    <option name="newTranslationDialogX" value="1135" />
    <option name="newTranslationDialogY" value="627" />
    <histories>
      <item value="This class is used to create operating system processes." />
      <item value="intranet" />
      <item value="A selectable channel for stream-oriented listening sockets." />
      <item value="     * Disables the current thread for thread scheduling purposes, for up to&#10;     * the specified waiting time, unless the permit is available." />
      <item value="模式" />
      <item value="reactor" />
      <item value="Proactor" />
      <item value="运行中" />
      <item value="awesome" />
      <item value="governance" />
      <item value="gover" />
      <item value="equivalent" />
      <item value="组装" />
      <item value="构造" />
      <item value="构建" />
      <item value="constru" />
      <item value="build" />
      <item value="异常指标" />
      <item value="异常" />
      <item value="interval" />
      <item value="15" />
      <item value="定时上报" />
      <item value="定时" />
      <item value="integrity" />
      <item value="时间间隔" />
      <item value="时间" />
      <item value="jiange" />
      <item value="truncation" />
      <item value="融合" />
      <item value="融合版" />
      <item value="经典版" />
      <item value="原生版" />
      <item value="原生" />
      <item value="omitted for du" />
      <item value="omitted for " />
      <item value="omitted for d" />
      <item value="omitted f" />
      <item value="omitted " />
      <item value="omi" />
      <item value="omiteed" />
      <item value="ommiteed" />
      <item value="Implicit " />
      <item value="继承" />
      <item value="extends" />
      <item value="delegate" />
      <item value="interaction" />
      <item value="toggle" />
      <item value="servlet" />
      <item value="servl" />
      <item value="dispatch" />
    </histories>
    <option name="languageScores">
      <map>
        <entry key="CHINESE" value="39" />
        <entry key="ENGLISH" value="25" />
      </map>
    </option>
  </component>
</application>